{
  "extras/widgets/calendar_widget.py": 1777947791.945691,
  "extras/widgets/canvas_widget.py": 1777947791.945691,
  "extras/widgets/clock_widget.py": 1777947791.945691,
  "extras/widgets/common.py": 1777947791.945691,
  "extras/widgets/layout_widget.py": 1777947791.945691,
  "extras/widgets/notif_widget.py": 1777947791.945691,
  "extras/widgets/power_menu.py": 1777947791.945691,
  "extras/widgets/power_widget.py": 1777947791.945691,
  "extras/widgets/stats_widget.py": 1777947791.945691,
  "extras/widgets/weather_widget.py": 1777947791.945691,
  "src/canvas.rs": 1777947791.9470396,
  "src/decorations.rs": 1777947791.947499,
  "src/focus.rs": 1777947791.947499,
  "src/lib.rs": 1777947791.950002,
  "src/main.rs": 1777947791.950002,
  "src/signals.rs": 1777947791.951426,
  "src/window_ext.rs": 1777947791.9522078,
  "src/xwayland.rs": 1777947791.9522078,
  "src/backend/mod.rs": 1777947791.9469402,
  "src/backend/udev.rs": 1777947791.9470396,
  "src/backend/winit.rs": 1777947791.9470396,
  "src/config/defaults.rs": 1777947791.9470396,
  "src/config/mod.rs": 1777947791.947499,
  "src/config/parse.rs": 1777947791.947499,
  "src/config/parse_helpers.rs": 1777947791.947499,
  "src/config/toml.rs": 1777947791.947499,
  "src/config/types.rs": 1777947791.947499,
  "src/grabs/mod.rs": 1777947791.947499,
  "src/grabs/move_grab.rs": 1777947791.9482408,
  "src/grabs/navigate_grab.rs": 1777947791.9482408,
  "src/grabs/pan_grab.rs": 1777947791.9482408,
  "src/grabs/resize_grab.rs": 1777947791.9482408,
  "src/handlers/compositor.rs": 1777947791.9482408,
  "src/handlers/layer_shell.rs": 1777947791.9486556,
  "src/handlers/mod.rs": 1777947791.9486556,
  "src/handlers/xdg_shell.rs": 1777947791.9486556,
  "src/input/actions.rs": 1777947791.9486556,
  "src/input/gestures.rs": 1777947791.9490602,
  "src/input/keyboard.rs": 1777947791.9491763,
  "src/input/mod.rs": 1777947791.9492078,
  "src/input/pointer.rs": 1777947791.9492078,
  "src/input/gestures/device_config.rs": 1777947791.9490602,
  "src/input/gestures/hold.rs": 1777947791.9491763,
  "src/input/gestures/pinch.rs": 1777947791.9491763,
  "src/input/gestures/swipe.rs": 1777947791.9491763,
  "src/layout/auto_placement.rs": 1777947791.9492078,
  "src/layout/cluster.rs": 1777947791.950002,
  "src/layout/mod.rs": 1777947791.950002,
  "src/layout/snap.rs": 1777947791.950002,
  "src/protocols/foreign_toplevel.rs": 1777947791.950002,
  "src/protocols/image_capture_source.rs": 1777947791.9504209,
  "src/protocols/image_copy_capture.rs": 1777947791.9504209,
  "src/protocols/mod.rs": 1777947791.9504209,
  "src/protocols/output_management.rs": 1777947791.9504209,
  "src/protocols/screencopy.rs": 1777947791.9504209,
  "src/render/blur.rs": 1777947791.9504209,
  "src/render/capture.rs": 1777947791.9508798,
  "src/render/elements.rs": 1777947791.9508798,
  "src/render/mod.rs": 1777947791.9508798,
  "src/state/animation.rs": 1777947791.951426,
  "src/state/cluster_snapshot.rs": 1777947791.9518645,
  "src/state/cursor.rs": 1777947791.9518645,
  "src/state/fit.rs": 1777947791.9518645,
  "src/state/fullscreen.rs": 1777947791.9518645,
  "src/state/init.rs": 1777947791.9518645,
  "src/state/mod.rs": 1777947791.9518645,
  "src/state/navigation.rs": 1777947791.9518645,
  "src/state/persistence.rs": 1777947791.9518645,
  "src/state/reload.rs": 1777947791.9518645,
  "src/state/render_cache.rs": 1777947791.9518645,
  "tests/canvas_navigation_test.rs": 1777947791.9522078,
  "tests/canvas_transforms_test.rs": 1777947791.9529448,
  "tests/canvas_zoom_test.rs": 1777947791.9529448,
  "tests/config_bindings_test.rs": 1777947791.9529448,
  "tests/config_parse_test.rs": 1777947791.9529448,
  "tests/config_toml_test.rs": 1777947791.9529448,
  "tests/snap_test.rs": 1777947791.9529448,
  "tests/window_rules_test.rs": 1777947791.9529448,
  "CLAUDE.md": 1777947791.9382262,
  "CONTRIBUTING.md": 1777947791.9382262,
  "README.md": 1777947791.9382262,
  "docs/CAVEATS.md": 1777947791.9422078,
  "docs/explainer_prompt.md": 1777947791.9431546,
  "docs/shaders.md": 1777947791.9431546,
  "docs/smithay-api.md": 1777947791.9431546,
  "docs/window-rules.md": 1777947791.9431546,
  "extras/README.md": 1777947791.9431546,
  "extras/icons/icons.md": 1777947791.9437215,
  "assets/logo.jpg": 1777947791.9392078,
  "assets/tshirt.png": 1777947791.9412076
}